{"cameraMode":{"drawMode":0,"name":"Shaded","section":"Shading Mode"},"sceneLighting":true,"audioPlay":false,"sceneViewState":{"showFog":true,"showMaterialUpdate":false,"showSkybox":true,"showFlares":true,"showImageEffects":true,"showParticleSystems":true},"in2DMode":false,"pivot":{"x":4.680622577667236,"y":5.239445686340332,"z":0.5609917640686035},"rotation":{"x":0.22241410613059998,"y":-0.4801045358181,"z":0.12747034430503846,"w":0.8391194939613342},"size":2.581962823867798,"orthographic":false}