{"cameraMode":{"drawMode":0,"name":"Shaded","section":"Shading Mode"},"sceneLighting":true,"audioPlay":false,"sceneViewState":{"showFog":true,"showMaterialUpdate":false,"showSkybox":true,"showFlares":true,"showImageEffects":true,"showParticleSystems":true},"in2DMode":false,"pivot":{"x":6.148152828216553,"y":6.690069198608398,"z":1.950617790222168},"rotation":{"x":0.11538949608802796,"y":-0.6673513054847717,"z":0.10584588348865509,"w":0.7283322811126709},"size":5.370813846588135,"orthographic":false}