{"cameraMode":{"drawMode":0,"name":"Shaded","section":"Shading Mode"},"sceneLighting":true,"audioPlay":false,"sceneViewState":{"showFog":true,"showMaterialUpdate":false,"showSkybox":true,"showFlares":true,"showImageEffects":true,"showParticleSystems":true},"in2DMode":false,"pivot":{"x":2.705106258392334,"y":3.7267367839813234,"z":2.9201455116271974},"rotation":{"x":0.25514036417007449,"y":0.6881974339485169,"z":-0.2834566831588745,"w":0.6175057888031006},"size":1.8524668216705323,"orthographic":false}