{"cameraMode":{"drawMode":0,"name":"Shaded","section":"Shading Mode"},"sceneLighting":true,"audioPlay":false,"sceneViewState":{"showFog":true,"showMaterialUpdate":false,"showSkybox":true,"showFlares":true,"showImageEffects":true,"showParticleSystems":true},"in2DMode":false,"pivot":{"x":0.0822708010673523,"y":1.1662713289260865,"z":5.072160720825195},"rotation":{"x":0.3150099217891693,"y":-0.039238881319761279,"z":0.01283260714262724,"w":0.9483206272125244},"size":1.585963487625122,"orthographic":false}