{"cameraMode":{"drawMode":0,"name":"Shaded","section":"Shading Mode"},"sceneLighting":true,"audioPlay":false,"sceneViewState":{"showFog":true,"showMaterialUpdate":false,"showSkybox":true,"showFlares":true,"showImageEffects":true,"showParticleSystems":true},"in2DMode":false,"pivot":{"x":1.8104546070098878,"y":5.379045009613037,"z":2.6844606399536135},"rotation":{"x":-0.07006005197763443,"y":0.9189199805259705,"z":-0.333543062210083,"w":-0.1997043639421463},"size":3.6024742126464845,"orthographic":false}