{"cameraMode":{"drawMode":0,"name":"Shaded","section":"Shading Mode"},"sceneLighting":true,"audioPlay":false,"sceneViewState":{"showFog":true,"showMaterialUpdate":false,"showSkybox":true,"showFlares":true,"showImageEffects":true,"showParticleSystems":true},"in2DMode":false,"pivot":{"x":1.1466562747955323,"y":0.046463966369628909,"z":4.321493148803711},"rotation":{"x":0.3150099217891693,"y":-0.039238881319761279,"z":0.01283260714262724,"w":0.9483206272125244},"size":8.820777893066407,"orthographic":false}