{"cameraMode":{"drawMode":0,"name":"Shaded","section":"Shading Mode"},"sceneLighting":false,"audioPlay":false,"sceneViewState":{"showFog":true,"showMaterialUpdate":false,"showSkybox":false,"showFlares":true,"showImageEffects":true,"showParticleSystems":true},"in2DMode":false,"pivot":{"x":-3.990000009536743,"y":3.5199999809265138,"z":1.2531126737594605},"rotation":{"x":-0.007308195810765028,"y":-0.9907851815223694,"z":0.05921787768602371,"w":-0.12188010662794113},"size":0.0052977753803133968,"orthographic":false}