{"cameraMode":{"drawMode":0,"name":"Shaded","section":"Shading Mode"},"sceneLighting":true,"audioPlay":false,"sceneViewState":{"showFog":true,"showMaterialUpdate":false,"showSkybox":true,"showFlares":true,"showImageEffects":true,"showParticleSystems":true},"in2DMode":false,"pivot":{"x":0.7948717474937439,"y":-0.29625415802001955,"z":4.035488128662109},"rotation":{"x":0.3150099217891693,"y":-0.039238881319761279,"z":0.01283260714262724,"w":0.9483206272125244},"size":7.793728351593018,"orthographic":false}